cust_id,Prod_id,Store_id,Date,Order_date,Ship_date,Quantity,Unit_price
205,205,205,11-08-2024,11-08-2023,30-09-2024,72,33
631,631,631,12-08-2024,11-08-2023,30-09-2024,14,18
407,407,407,13-08-2024,11-08-2023,29-09-2024,67,15
787,787,787,14-08-2024,11-08-2023,29-09-2024,54,1
81,81,81,15-08-2024,11-08-2023,28-09-2024,78,25
191,191,191,16-08-2024,11-08-2023,28-09-2024,1,18
665,665,665,17-08-2024,11-08-2023,28-09-2024,55,12
665,665,665,18-08-2024,11-08-2023,28-09-2024,50,75
462,462,462,19-08-2024,11-08-2023,27-09-2024,19,9
592,592,592,20-08-2024,11-08-2023,27-09-2024,97,10
368,368,368,21-08-2024,11-08-2023,26-09-2024,90,8
484,484,484,22-08-2024,11-08-2023,26-09-2024,53,20
656,656,656,23-08-2024,11-08-2023,26-09-2024,39,10
833,833,833,24-08-2024,11-08-2023,26-09-2024,99,31
883,883,883,25-08-2024,11-08-2023,25-09-2024,76,32
894,894,894,26-08-2024,11-08-2023,25-09-2024,63,17
63,63,63,27-08-2024,11-08-2023,24-09-2024,36,36
679,679,679,28-08-2024,11-08-2023,24-09-2024,74,22
122,122,122,29-08-2024,11-08-2023,23-09-2024,55,5
213,213,213,30-08-2024,11-08-2023,22-09-2024,71,32
762,762,762,31-08-2024,11-08-2023,22-09-2024,83,1
807,807,807,01-09-2024,11-08-2023,22-09-2024,26,14
13,13,13,02-09-2024,11-08-2023,21-09-2024,92,33
104,104,104,03-09-2024,11-08-2023,21-09-2024,97,50
240,240,240,04-09-2024,11-08-2023,21-09-2024,12,27
637,637,637,05-09-2024,11-08-2023,21-09-2024,63,30
772,772,772,06-09-2024,11-08-2023,21-09-2024,63,11
874,874,874,07-09-2024,11-08-2023,20-09-2024,26,5
179,179,179,08-09-2024,11-08-2023,19-09-2024,75,31
896,896,896,09-09-2024,11-08-2023,19-09-2024,21,43
933,933,933,10-09-2024,11-08-2023,19-09-2024,34,17
967,967,967,11-09-2024,11-08-2023,19-09-2024,55,34
967,967,967,12-09-2024,11-08-2023,19-09-2024,20,87
954,954,954,13-09-2024,11-08-2023,16-09-2024,16,14
930,930,930,14-09-2024,11-08-2023,15-09-2024,30,46
44,44,44,15-09-2024,11-08-2023,14-09-2024,7,11
231,231,231,16-09-2024,11-08-2023,14-09-2024,3,14
354,354,354,17-09-2024,11-08-2023,14-09-2024,25,23
342,342,342,18-09-2024,11-08-2023,13-09-2024,93,43
694,694,694,19-09-2024,11-08-2023,13-09-2024,71,41
891,891,891,20-09-2024,11-08-2023,13-09-2024,2,9
982,982,982,21-09-2024,11-08-2023,13-09-2024,42,43
11,11,11,22-09-2024,11-08-2023,12-09-2024,99,49
134,134,134,23-09-2024,11-08-2023,12-09-2024,33,34
515,515,515,24-09-2024,11-08-2023,12-09-2024,23,1
222,222,222,25-09-2024,11-08-2023,11-09-2024,73,50
268,268,268,26-09-2024,11-08-2023,11-09-2024,89,50
279,279,279,27-09-2024,11-08-2023,11-09-2024,9,13
652,652,652,28-09-2024,11-08-2023,11-09-2024,87,17
853,853,853,29-09-2024,11-08-2023,11-09-2024,16,29
229,229,229,30-09-2024,11-08-2023,09-09-2024,73,23
151,151,151,01-10-2024,11-08-2023,07-09-2024,55,8
366,366,366,02-10-2024,11-08-2023,07-09-2024,49,39
992,992,992,03-10-2024,11-08-2023,07-09-2024,96,10
46,46,46,04-10-2024,11-08-2023,06-09-2024,46,31
560,560,560,05-10-2024,11-08-2023,05-09-2024,18,44
987,987,987,06-10-2024,11-08-2023,05-09-2024,81,49
323,323,323,07-10-2024,11-08-2023,04-09-2024,38,20
502,502,502,08-10-2024,11-08-2023,04-09-2024,47,32
272,272,272,09-10-2024,11-08-2023,03-09-2024,12,27
298,298,298,10-10-2024,11-08-2023,03-09-2024,29,9
664,664,664,11-10-2024,11-08-2023,03-09-2024,56,9
875,875,875,12-10-2024,11-08-2023,03-09-2024,89,27
664,664,664,13-10-2024,11-08-2023,03-09-2024,23,90
871,871,871,14-10-2024,11-08-2023,02-09-2024,60,21
95,95,95,15-10-2024,11-08-2023,01-09-2024,46,8
126,126,126,16-10-2024,11-08-2023,31-08-2024,91,9
337,337,337,17-10-2024,11-08-2023,31-08-2024,23,24
469,469,469,18-10-2024,11-08-2023,31-08-2024,55,37
755,755,755,19-10-2024,11-08-2023,31-08-2024,94,46
706,706,706,20-10-2024,11-08-2023,30-08-2024,82,16
719,719,719,21-10-2024,11-08-2023,30-08-2024,5,22
936,936,936,22-10-2024,11-08-2023,30-08-2024,3,35
940,940,940,23-10-2024,11-08-2023,30-08-2024,20,1
98,98,98,24-10-2024,11-08-2023,29-08-2024,21,31
201,201,201,25-10-2024,11-08-2023,29-08-2024,57,49
291,291,291,26-10-2024,11-08-2023,29-08-2024,56,49
725,725,725,27-10-2024,11-08-2023,29-08-2024,38,3
744,744,744,28-10-2024,11-08-2023,29-08-2024,93,48
257,257,257,29-10-2024,11-08-2023,28-08-2024,13,24
260,260,260,30-10-2024,11-08-2023,28-08-2024,63,27
478,478,478,31-10-2024,11-08-2023,28-08-2024,32,29
325,325,325,01-11-2024,11-08-2023,27-08-2024,20,42
346,346,346,02-11-2024,11-08-2023,27-08-2024,42,13
373,373,373,03-11-2024,11-08-2023,27-08-2024,24,3
929,929,929,04-11-2024,11-08-2023,27-08-2024,9,8
994,994,994,05-11-2024,11-08-2023,26-08-2024,95,8
348,348,348,06-11-2024,11-08-2023,25-08-2024,13,40
265,265,265,07-11-2024,11-08-2023,24-08-2024,63,21
524,524,524,08-11-2024,11-08-2023,24-08-2024,100,11
730,730,730,09-11-2024,11-08-2023,24-08-2024,26,33
539,539,539,10-11-2024,11-08-2023,23-08-2024,71,30
870,870,870,11-11-2024,11-08-2023,23-08-2024,80,18
557,557,557,12-11-2024,11-08-2023,22-08-2024,85,5
40,40,40,13-11-2024,11-08-2023,21-08-2024,26,35
754,754,754,14-11-2024,11-08-2023,21-08-2024,69,27
832,832,832,15-11-2024,11-08-2023,21-08-2024,34,9
920,920,920,16-11-2024,11-08-2023,21-08-2024,73,13
100,100,100,17-11-2024,11-08-2023,20-08-2024,78,50
360,360,360,18-11-2024,11-08-2023,20-08-2024,98,34
487,487,487,19-11-2024,11-08-2023,20-08-2024,3,28
606,606,606,20-11-2024,11-08-2023,20-08-2024,55,46
723,723,723,21-11-2024,11-08-2023,20-08-2024,73,40
848,848,848,22-11-2024,11-08-2023,20-08-2024,52,3
911,911,911,23-11-2024,11-08-2023,20-08-2024,87,13
927,927,927,24-11-2024,11-08-2023,20-08-2024,65,18
78,78,78,25-11-2024,11-08-2023,19-08-2024,40,10
831,831,831,26-11-2024,11-08-2023,19-08-2024,92,15
598,598,598,27-11-2024,11-08-2023,18-08-2024,94,34
670,670,670,28-11-2024,11-08-2023,18-08-2024,89,15
199,199,199,29-11-2024,11-08-2023,17-08-2024,83,12
472,472,472,30-11-2024,11-08-2023,17-08-2024,29,11
519,519,519,01-12-2024,11-08-2023,17-08-2024,93,32
769,769,769,02-12-2024,11-08-2023,17-08-2024,71,15
66,66,66,03-12-2024,11-08-2023,16-08-2024,10,23
655,655,655,04-12-2024,11-08-2023,16-08-2024,75,36
806,806,806,05-12-2024,11-08-2023,16-08-2024,93,18
29,29,29,06-12-2024,11-08-2023,15-08-2024,96,47
482,482,482,07-12-2024,11-08-2023,15-08-2024,79,12
280,280,280,08-12-2024,11-08-2023,14-08-2024,28,4
382,382,382,09-12-2024,11-08-2023,13-08-2024,73,19
523,523,523,10-12-2024,11-08-2023,13-08-2024,41,42
684,684,684,11-12-2024,11-08-2023,13-08-2024,84,40
258,258,258,12-12-2024,11-08-2023,12-08-2024,15,45
564,564,564,13-12-2024,11-08-2023,12-08-2024,55,39
701,701,701,14-12-2024,11-08-2023,12-08-2024,91,30
562,562,562,15-12-2024,11-08-2023,11-08-2024,77,5
629,629,629,16-12-2024,11-08-2023,11-08-2024,18,36
632,632,632,17-12-2024,11-08-2023,11-08-2024,71,16
970,970,970,18-12-2024,11-08-2023,11-08-2024,42,29
673,673,673,19-12-2024,11-08-2023,10-08-2024,52,44
740,740,740,20-12-2024,11-08-2023,10-08-2024,11,28
430,430,430,21-12-2024,11-08-2023,09-08-2024,38,31
741,741,741,22-12-2024,11-08-2023,09-08-2024,83,41
120,120,120,23-12-2024,11-08-2023,07-08-2024,34,48
404,404,404,24-12-2024,11-08-2023,07-08-2024,37,9
467,467,467,25-12-2024,11-08-2023,07-08-2024,20,15
677,677,677,26-12-2024,11-08-2023,07-08-2024,78,37
742,742,742,27-12-2024,11-08-2023,07-08-2024,51,22
824,824,824,28-12-2024,11-08-2023,07-08-2024,94,43
944,944,944,29-12-2024,11-08-2023,07-08-2024,64,35
410,410,410,30-12-2024,11-08-2023,06-08-2024,54,10
438,438,438,31-12-2024,11-08-2023,06-08-2024,58,6
739,739,739,01-01-2025,11-08-2023,06-08-2024,100,21
389,389,389,02-01-2025,11-08-2023,05-08-2024,16,39
579,579,579,03-01-2025,11-08-2023,05-08-2024,61,24
683,683,683,04-01-2025,11-08-2023,05-08-2024,62,27
904,904,904,05-01-2025,11-08-2023,05-08-2024,13,27
53,53,53,06-01-2025,11-08-2023,04-08-2024,49,39
608,608,608,07-01-2025,11-08-2023,03-08-2024,89,42
700,700,700,08-01-2025,11-08-2023,03-08-2024,87,13
953,953,953,09-01-2025,11-08-2023,03-08-2024,87,11
759,759,759,10-01-2025,11-08-2023,02-08-2024,91,47
183,183,183,11-01-2025,11-08-2023,01-08-2024,20,4
422,422,422,12-01-2025,11-08-2023,01-08-2024,50,26
144,144,144,13-01-2025,11-08-2023,31-07-2024,18,35
42,42,42,14-01-2025,11-08-2023,30-07-2024,33,10
241,241,241,15-01-2025,11-08-2023,30-07-2024,19,34
513,513,513,16-01-2025,11-08-2023,30-07-2024,55,43
571,571,571,17-01-2025,11-08-2023,30-07-2024,11,41
939,939,939,18-01-2025,11-08-2023,30-07-2024,82,28
36,36,36,19-01-2025,11-08-2023,29-07-2024,25,14
123,123,123,20-01-2025,11-08-2023,29-07-2024,65,19
223,223,223,21-01-2025,11-08-2023,29-07-2024,6,3
285,285,285,22-01-2025,11-08-2023,29-07-2024,54,3
600,600,600,23-01-2025,11-08-2023,29-07-2024,19,32
647,647,647,24-01-2025,11-08-2023,29-07-2024,11,45
406,406,406,25-01-2025,11-08-2023,28-07-2024,62,20
533,533,533,26-01-2025,11-08-2023,28-07-2024,22,16
812,812,812,27-01-2025,11-08-2023,28-07-2024,83,3
493,493,493,28-01-2025,11-08-2023,27-07-2024,85,29
649,649,649,29-01-2025,11-08-2023,27-07-2024,7,24
25,25,25,30-01-2025,11-08-2023,26-07-2024,10,49
108,108,108,31-01-2025,11-08-2023,26-07-2024,44,27
319,319,319,01-02-2025,11-08-2023,26-07-2024,96,10
962,962,962,02-02-2025,11-08-2023,25-07-2024,88,2
962,962,962,03-02-2025,11-08-2023,25-07-2024,64,10
452,452,452,04-02-2025,11-08-2023,24-07-2024,75,25
60,60,60,05-02-2025,11-08-2023,23-07-2024,70,27
192,192,192,06-02-2025,11-08-2023,23-07-2024,44,25
607,607,607,07-02-2025,11-08-2023,23-07-2024,86,3
146,146,146,08-02-2025,11-08-2023,22-07-2024,5,34
300,300,300,09-02-2025,11-08-2023,22-07-2024,98,42
568,568,568,10-02-2025,11-08-2023,22-07-2024,20,24
128,128,128,11-02-2025,11-08-2023,21-07-2024,75,41
236,236,236,12-02-2025,11-08-2023,21-07-2024,97,1
15,15,15,13-02-2025,11-08-2023,20-07-2024,78,40
115,115,115,14-02-2025,11-08-2023,20-07-2024,99,42
274,274,274,15-02-2025,11-08-2023,20-07-2024,51,49
546,546,546,16-02-2025,11-08-2023,20-07-2024,10,14
270,270,270,17-02-2025,11-08-2023,19-07-2024,29,45
974,974,974,18-02-2025,11-08-2023,19-07-2024,82,9
509,509,509,19-02-2025,11-08-2023,18-07-2024,61,13
561,561,561,20-02-2025,11-08-2023,18-07-2024,49,36
247,247,247,21-02-2025,11-08-2023,17-07-2024,32,46
569,569,569,22-02-2025,11-08-2023,17-07-2024,93,27
844,844,844,23-02-2025,11-08-2023,17-07-2024,75,46
137,137,137,24-02-2025,11-08-2023,16-07-2024,41,17
828,828,828,25-02-2025,11-08-2023,16-07-2024,90,40
418,418,418,26-02-2025,11-08-2023,14-07-2024,31,30
332,332,332,27-02-2025,11-08-2023,13-07-2024,79,29
734,734,734,28-02-2025,11-08-2023,13-07-2024,95,50
133,133,133,01-03-2025,11-08-2023,12-07-2024,3,11
968,968,968,02-03-2025,11-08-2023,12-07-2024,32,42
303,303,303,03-03-2025,11-08-2023,11-07-2024,92,42
315,315,315,04-03-2025,11-08-2023,11-07-2024,74,43
379,379,379,05-03-2025,11-08-2023,11-07-2024,61,33
681,681,681,06-03-2025,11-08-2023,11-07-2024,39,10
713,713,713,07-03-2025,11-08-2023,11-07-2024,27,30
47,47,47,08-03-2025,11-08-2023,10-07-2024,20,22
103,103,103,09-03-2025,11-08-2023,10-07-2024,98,36
301,301,301,10-03-2025,11-08-2023,10-07-2024,99,38
491,491,491,11-03-2025,11-08-2023,10-07-2024,93,29
158,158,158,12-03-2025,11-08-2023,08-07-2024,28,41
468,468,468,13-03-2025,11-08-2023,08-07-2024,72,37
675,675,675,14-03-2025,11-08-2023,08-07-2024,66,31
872,872,872,15-03-2025,11-08-2023,08-07-2024,66,6
428,428,428,16-03-2025,11-08-2023,07-07-2024,46,42
749,749,749,17-03-2025,11-08-2023,07-07-2024,63,20
185,185,185,18-03-2025,11-08-2023,06-07-2024,37,41
227,227,227,19-03-2025,11-08-2023,06-07-2024,39,29
453,453,453,20-03-2025,11-08-2023,06-07-2024,37,1
586,586,586,21-03-2025,11-08-2023,06-07-2024,88,22
847,847,847,22-03-2025,11-08-2023,06-07-2024,14,36
444,444,444,23-03-2025,11-08-2023,05-07-2024,97,21
876,876,876,24-03-2025,11-08-2023,05-07-2024,43,21
276,276,276,25-03-2025,11-08-2023,04-07-2024,55,45
314,314,314,26-03-2025,11-08-2023,04-07-2024,50,23
618,618,618,27-03-2025,11-08-2023,04-07-2024,47,42
641,641,641,28-03-2025,11-08-2023,04-07-2024,79,17
658,658,658,29-03-2025,11-08-2023,04-07-2024,27,37
690,690,690,30-03-2025,11-08-2023,04-07-2024,73,3
792,792,792,31-03-2025,11-08-2023,04-07-2024,69,40
658,658,658,01-04-2025,11-08-2023,04-07-2024,45,56
511,511,511,02-04-2025,11-08-2023,03-07-2024,71,24
91,91,91,03-04-2025,11-08-2023,02-07-2024,60,26
941,941,941,04-04-2025,11-08-2023,02-07-2024,36,26
154,154,154,05-04-2025,11-08-2023,01-07-2024,70,13
275,275,275,06-04-2025,11-08-2023,01-07-2024,59,40
585,585,585,07-04-2025,11-08-2023,01-07-2024,99,27
937,937,937,08-04-2025,11-08-2023,30-06-2024,48,14
209,209,209,09-04-2025,11-08-2023,29-06-2024,94,49
235,235,235,10-04-2025,11-08-2023,29-06-2024,40,15
793,793,793,11-04-2025,11-08-2023,29-06-2024,48,3
99,99,99,12-04-2025,11-08-2023,28-06-2024,96,5
105,105,105,13-04-2025,11-08-2023,28-06-2024,54,15
321,321,321,14-04-2025,11-08-2023,28-06-2024,87,8
488,488,488,15-04-2025,11-08-2023,28-06-2024,5,45
777,777,777,16-04-2025,11-08-2023,28-06-2024,18,9
866,866,866,17-04-2025,11-08-2023,28-06-2024,90,35
811,811,811,18-04-2025,11-08-2023,27-06-2024,17,36
299,299,299,19-04-2025,11-08-2023,26-06-2024,72,9
489,489,489,20-04-2025,11-08-2023,26-06-2024,73,20
693,693,693,21-04-2025,11-08-2023,26-06-2024,48,33
861,861,861,22-04-2025,11-08-2023,26-06-2024,41,20
155,155,155,23-04-2025,11-08-2023,25-06-2024,38,5
234,234,234,24-04-2025,11-08-2023,25-06-2024,18,26
367,367,367,25-04-2025,11-08-2023,24-06-2024,4,29
73,73,73,26-04-2025,11-08-2023,23-06-2024,44,23
459,459,459,27-04-2025,11-08-2023,23-06-2024,27,44
913,913,913,28-04-2025,11-08-2023,23-06-2024,44,35
324,324,324,29-04-2025,11-08-2023,22-06-2024,34,6
935,935,935,30-04-2025,11-08-2023,22-06-2024,13,35
577,577,577,01-05-2025,11-08-2023,21-06-2024,34,47
544,544,544,02-05-2025,11-08-2023,20-06-2024,26,35
722,722,722,03-05-2025,11-08-2023,20-06-2024,26,19
797,797,797,04-05-2025,11-08-2023,20-06-2024,68,21
991,991,991,05-05-2025,11-08-2023,20-06-2024,61,25
396,396,396,06-05-2025,11-08-2023,19-06-2024,86,44
594,594,594,07-05-2025,11-08-2023,19-06-2024,9,23
886,886,886,08-05-2025,11-08-2023,19-06-2024,67,9
901,901,901,09-05-2025,11-08-2023,19-06-2024,68,36
729,729,729,10-05-2025,11-08-2023,17-06-2024,82,26
86,86,86,11-05-2025,11-08-2023,16-06-2024,7,28
589,589,589,12-05-2025,11-08-2023,16-06-2024,68,4
910,910,910,13-05-2025,11-08-2023,15-06-2024,96,20
167,167,167,14-05-2025,11-08-2023,14-06-2024,98,49
446,446,446,15-05-2025,11-08-2023,14-06-2024,29,38
565,565,565,16-05-2025,11-08-2023,14-06-2024,92,14
180,180,180,17-05-2025,11-08-2023,13-06-2024,29,43
372,372,372,18-05-2025,11-08-2023,13-06-2024,73,23
852,852,852,19-05-2025,11-08-2023,13-06-2024,12,19
905,905,905,20-05-2025,11-08-2023,13-06-2024,100,29
224,224,224,21-05-2025,11-08-2023,12-06-2024,55,6
839,839,839,22-05-2025,11-08-2023,12-06-2024,100,15
486,486,486,23-05-2025,11-08-2023,11-06-2024,78,30
427,427,427,24-05-2025,11-08-2023,10-06-2024,58,43
432,432,432,25-05-2025,11-08-2023,10-06-2024,24,8
640,640,640,26-05-2025,11-08-2023,10-06-2024,28,12
461,461,461,27-05-2025,11-08-2023,09-06-2024,91,3
182,182,182,28-05-2025,11-08-2023,08-06-2024,4,24
211,211,211,29-05-2025,11-08-2023,08-06-2024,78,8
500,500,500,30-05-2025,11-08-2023,08-06-2024,42,50
674,674,674,31-05-2025,11-08-2023,08-06-2024,24,1
93,93,93,01-06-2025,11-08-2023,07-06-2024,54,31
171,171,171,02-06-2025,11-08-2023,06-06-2024,32,50
518,518,518,03-06-2025,11-08-2023,06-06-2024,59,4
710,710,710,04-06-2025,11-08-2023,06-06-2024,27,47
716,716,716,05-06-2025,11-08-2023,06-06-2024,32,33
79,79,79,06-06-2025,11-08-2023,05-06-2024,63,17
83,83,83,07-06-2025,11-08-2023,05-06-2024,61,11
136,136,136,08-06-2025,11-08-2023,05-06-2024,34,13
271,271,271,09-06-2025,11-08-2023,04-06-2024,47,10
345,345,345,10-06-2025,11-08-2023,04-06-2024,24,49
590,590,590,11-06-2025,11-08-2023,04-06-2024,68,24
112,112,112,12-06-2025,11-08-2023,03-06-2024,17,17
353,353,353,13-06-2025,11-08-2023,01-06-2024,14,34
863,863,863,14-06-2025,11-08-2023,01-06-2024,39,3
55,55,55,15-06-2025,11-08-2023,31-05-2024,45,49
210,210,210,16-06-2025,11-08-2023,31-05-2024,54,40
277,277,277,17-06-2025,11-08-2023,31-05-2024,56,33
551,551,551,18-06-2025,11-08-2023,31-05-2024,89,11
671,671,671,19-06-2025,11-08-2023,31-05-2024,57,41
760,760,760,20-06-2025,11-08-2023,30-05-2024,60,10
286,286,286,21-06-2025,11-08-2023,29-05-2024,4,25
522,522,522,22-06-2025,11-08-2023,29-05-2024,29,37
162,162,162,23-06-2025,11-08-2023,28-05-2024,49,11
385,385,385,24-06-2025,11-08-2023,28-05-2024,29,22
501,501,501,25-06-2025,11-08-2023,28-05-2024,87,20
943,943,943,26-06-2025,11-08-2023,28-05-2024,34,21
293,293,293,27-06-2025,11-08-2023,27-05-2024,38,14
413,413,413,28-06-2025,11-08-2023,27-05-2024,81,29
604,604,604,29-06-2025,11-08-2023,27-05-2024,17,44
69,69,69,30-06-2025,11-08-2023,26-05-2024,49,2
375,375,375,01-07-2025,11-08-2023,26-05-2024,48,30
959,959,959,02-07-2025,11-08-2023,26-05-2024,46,4
54,54,54,03-07-2025,11-08-2023,25-05-2024,27,24
80,80,80,04-07-2025,11-08-2023,25-05-2024,88,21
327,327,327,05-07-2025,11-08-2023,24-05-2024,7,31
583,583,583,06-07-2025,11-08-2023,24-05-2024,33,6
906,906,906,07-07-2025,11-08-2023,24-05-2024,57,49
986,986,986,08-07-2025,11-08-2023,24-05-2024,7,14
165,165,165,09-07-2025,11-08-2023,23-05-2024,94,36
426,426,426,10-07-2025,11-08-2023,22-05-2024,97,28
851,851,851,11-07-2025,11-08-2023,22-05-2024,38,6
17,17,17,12-07-2025,11-08-2023,21-05-2024,4,46
466,466,466,13-07-2025,11-08-2023,21-05-2024,99,25
543,543,543,14-07-2025,11-08-2023,21-05-2024,46,47
31,31,31,15-07-2025,11-08-2023,20-05-2024,96,11
177,177,177,16-07-2025,11-08-2023,20-05-2024,77,26
317,317,317,17-07-2025,11-08-2023,20-05-2024,11,22
908,908,908,18-07-2025,11-08-2023,20-05-2024,84,8
921,921,921,19-07-2025,11-08-2023,20-05-2024,72,27
9,9,9,20-07-2025,11-08-2023,19-05-2024,4,35
119,119,119,21-07-2025,11-08-2023,19-05-2024,67,6
172,172,172,22-07-2025,11-08-2023,19-05-2024,25,33
339,339,339,23-07-2025,11-08-2023,19-05-2024,54,50
492,492,492,24-07-2025,11-08-2023,19-05-2024,71,38
709,709,709,25-07-2025,11-08-2023,19-05-2024,93,5
74,74,74,26-07-2025,11-08-2023,18-05-2024,29,18
334,334,334,27-07-2025,11-08-2023,18-05-2024,3,50
765,765,765,28-07-2025,11-08-2023,18-05-2024,87,2
795,795,795,29-07-2025,11-08-2023,18-05-2024,13,6
588,588,588,30-07-2025,11-08-2023,17-05-2024,88,44
818,818,818,31-07-2025,11-08-2023,17-05-2024,80,42
305,305,305,01-08-2025,11-08-2023,16-05-2024,99,49
435,435,435,02-08-2025,11-08-2023,16-05-2024,10,23
531,531,531,03-08-2025,11-08-2023,16-05-2024,4,42
916,916,916,04-08-2025,11-08-2023,16-05-2024,4,22
952,952,952,05-08-2025,11-08-2023,16-05-2024,31,46
613,613,613,06-08-2025,11-08-2023,15-05-2024,97,40
443,443,443,07-08-2025,11-08-2023,14-05-2024,25,17
520,520,520,08-08-2025,11-08-2023,14-05-2024,54,28
412,412,412,09-08-2025,11-08-2023,13-05-2024,96,12
800,800,800,10-08-2025,11-08-2023,13-05-2024,38,23
365,365,365,11-08-2025,11-08-2023,12-05-2024,23,7
441,441,441,12-08-2025,11-08-2023,12-05-2024,24,19
505,505,505,13-08-2025,11-08-2023,12-05-2024,90,30
530,530,530,14-08-2025,11-08-2023,12-05-2024,34,21
877,877,877,15-08-2025,11-08-2023,11-05-2024,42,13
88,88,88,16-08-2025,11-08-2023,08-05-2024,81,43
206,206,206,17-08-2025,11-08-2023,08-05-2024,95,22
779,779,779,18-08-2025,11-08-2023,08-05-2024,33,13
281,281,281,19-08-2025,11-08-2023,07-05-2024,97,6
621,621,621,20-08-2025,11-08-2023,07-05-2024,34,1
653,653,653,21-08-2025,11-08-2023,07-05-2024,90,25
84,84,84,22-08-2025,11-08-2023,06-05-2024,9,36
106,106,106,23-08-2025,11-08-2023,06-05-2024,93,38
127,127,127,24-08-2025,11-08-2023,06-05-2024,15,44
220,220,220,25-08-2025,11-08-2023,06-05-2024,32,4
774,774,774,26-08-2025,11-08-2023,06-05-2024,36,21
963,963,963,27-08-2025,11-08-2023,06-05-2024,13,42
963,963,963,28-08-2025,11-08-2023,06-05-2024,27,25
68,68,68,29-08-2025,11-08-2023,05-05-2024,82,44
510,510,510,30-08-2025,11-08-2023,05-05-2024,94,44
566,566,566,31-08-2025,11-08-2023,04-05-2024,11,18
823,823,823,01-09-2025,11-08-2023,04-05-2024,66,19
96,96,96,02-09-2025,11-08-2023,03-05-2024,80,24
142,142,142,03-09-2025,11-08-2023,03-05-2024,37,7
184,184,184,04-09-2025,11-08-2023,03-05-2024,37,3
633,633,633,05-09-2025,11-08-2023,03-05-2024,30,43
685,685,685,06-09-2025,11-08-2023,03-05-2024,89,20
219,219,219,07-09-2025,11-08-2023,01-05-2024,79,26
448,448,448,08-09-2025,11-08-2023,01-05-2024,63,22
485,485,485,09-09-2025,11-08-2023,30-04-2024,56,25
687,687,687,10-09-2025,11-08-2023,30-04-2024,43,28
743,743,743,11-09-2025,11-08-2023,30-04-2024,4,43
58,58,58,12-09-2025,11-08-2023,29-04-2024,46,42
595,595,595,13-09-2025,11-08-2023,29-04-2024,91,4
596,596,596,14-09-2025,11-08-2023,29-04-2024,73,4
822,822,822,15-09-2025,11-08-2023,29-04-2024,68,35
948,948,948,16-09-2025,11-08-2023,29-04-2024,43,34
770,770,770,17-09-2025,11-08-2023,27-04-2024,44,37
919,919,919,18-09-2025,11-08-2023,27-04-2024,6,50
460,460,460,19-09-2025,11-08-2023,26-04-2024,51,12
789,789,789,20-09-2025,11-08-2023,26-04-2024,61,6
799,799,799,21-09-2025,11-08-2023,26-04-2024,86,50
815,815,815,22-09-2025,11-08-2023,26-04-2024,36,13
834,834,834,23-09-2025,11-08-2023,26-04-2024,22,27
881,881,881,24-09-2025,11-08-2023,26-04-2024,76,25
383,383,383,25-09-2025,11-08-2023,25-04-2024,68,46
764,764,764,26-09-2025,11-08-2023,25-04-2024,100,22
810,810,810,27-09-2025,11-08-2023,25-04-2024,34,19
148,148,148,28-09-2025,11-08-2023,24-04-2024,31,5
650,650,650,29-09-2025,11-08-2023,24-04-2024,36,8
934,934,934,30-09-2025,11-08-2023,24-04-2024,15,26
378,378,378,01-10-2025,11-08-2023,23-04-2024,2,41
499,499,499,02-10-2025,11-08-2023,23-04-2024,57,9
838,838,838,03-10-2025,11-08-2023,23-04-2024,86,3
28,28,28,04-10-2025,11-08-2023,22-04-2024,40,49
121,121,121,05-10-2025,11-08-2023,22-04-2024,31,15
124,124,124,06-10-2025,11-08-2023,22-04-2024,24,20
238,238,238,07-10-2025,11-08-2023,21-04-2024,46,20
490,490,490,08-10-2025,11-08-2023,21-04-2024,84,37
746,746,746,09-10-2025,11-08-2023,21-04-2024,4,10
918,918,918,10-10-2025,11-08-2023,21-04-2024,92,42
338,338,338,11-10-2025,11-08-2023,20-04-2024,93,21
82,82,82,12-10-2025,11-08-2023,19-04-2024,79,26
132,132,132,13-10-2025,11-08-2023,19-04-2024,32,41
678,678,678,14-10-2025,11-08-2023,19-04-2024,56,17
45,45,45,15-10-2025,11-08-2023,18-04-2024,9,10
624,624,624,16-10-2025,11-08-2023,18-04-2024,7,24
976,976,976,17-10-2025,11-08-2023,18-04-2024,78,30
163,163,163,18-10-2025,11-08-2023,17-04-2024,86,7
497,497,497,19-10-2025,11-08-2023,17-04-2024,70,14
525,525,525,20-10-2025,11-08-2023,17-04-2024,45,37
756,756,756,21-10-2025,11-08-2023,17-04-2024,14,3
819,819,819,22-10-2025,11-08-2023,17-04-2024,50,46
289,289,289,23-10-2025,11-08-2023,16-04-2024,35,5
308,308,308,24-10-2025,11-08-2023,16-04-2024,48,21
702,702,702,25-10-2025,11-08-2023,16-04-2024,59,38
786,786,786,26-10-2025,11-08-2023,15-04-2024,79,19
646,646,646,27-10-2025,11-08-2023,14-04-2024,88,21
771,771,771,28-10-2025,11-08-2023,14-04-2024,12,36
23,23,23,29-10-2025,11-08-2023,13-04-2024,50,33
204,204,204,30-10-2025,11-08-2023,13-04-2024,13,7
76,76,76,31-10-2025,11-08-2023,12-04-2024,61,12
261,261,261,01-11-2025,11-08-2023,12-04-2024,63,26
304,304,304,02-11-2025,11-08-2023,12-04-2024,93,14
957,957,957,03-11-2025,11-08-2023,12-04-2024,28,46
496,496,496,04-11-2025,11-08-2023,11-04-2024,4,25
273,273,273,05-11-2025,11-08-2023,10-04-2024,1,20
347,347,347,06-11-2025,11-08-2023,10-04-2024,60,50
419,419,419,07-11-2025,11-08-2023,10-04-2024,28,9
508,508,508,08-11-2025,11-08-2023,10-04-2024,82,25
849,849,849,09-11-2025,11-08-2023,10-04-2024,90,40
638,638,638,10-11-2025,11-08-2023,09-04-2024,78,18
102,102,102,11-11-2025,11-08-2023,08-04-2024,63,7
130,130,130,12-11-2025,11-08-2023,08-04-2024,60,17
864,864,864,13-11-2025,11-08-2023,08-04-2024,77,23
979,979,979,14-11-2025,11-08-2023,08-04-2024,11,24
4,4,4,15-11-2025,11-08-2023,07-04-2024,87,41
316,316,316,16-11-2025,11-08-2023,07-04-2024,15,21
429,429,429,17-11-2025,11-08-2023,07-04-2024,68,45
553,553,553,18-11-2025,11-08-2023,07-04-2024,36,3
695,695,695,19-11-2025,11-08-2023,07-04-2024,1,39
750,750,750,20-11-2025,11-08-2023,06-04-2024,3,26
892,892,892,21-11-2025,11-08-2023,06-04-2024,26,43
114,114,114,22-11-2025,11-08-2023,05-04-2024,48,7
27,27,27,23-11-2025,11-08-2023,04-04-2024,84,20
424,424,424,24-11-2025,11-08-2023,04-04-2024,50,49
578,578,578,25-11-2025,11-08-2023,04-04-2024,84,14
778,778,778,26-11-2025,11-08-2023,04-04-2024,74,12
243,243,243,27-11-2025,11-08-2023,03-04-2024,33,42
887,887,887,28-11-2025,11-08-2023,03-04-2024,87,29
56,56,56,29-11-2025,11-08-2023,02-04-2024,2,35
333,333,333,30-11-2025,11-08-2023,02-04-2024,50,40
545,545,545,01-12-2025,11-08-2023,02-04-2024,78,33
857,857,857,02-12-2025,11-08-2023,02-04-2024,4,43
39,39,39,03-12-2025,11-08-2023,01-04-2024,15,34
72,72,72,04-12-2025,11-08-2023,31-03-2024,50,12
651,651,651,05-12-2025,11-08-2023,30-03-2024,71,2
946,946,946,06-12-2025,11-08-2023,30-03-2024,78,34
254,254,254,07-12-2025,11-08-2023,29-03-2024,87,44
738,738,738,08-12-2025,11-08-2023,29-03-2024,70,24
856,856,856,09-12-2025,11-08-2023,29-03-2024,81,38
437,437,437,10-12-2025,11-08-2023,28-03-2024,2,42
555,555,555,11-12-2025,11-08-2023,28-03-2024,30,24
688,688,688,12-12-2025,11-08-2023,28-03-2024,34,21
160,160,160,13-12-2025,11-08-2023,27-03-2024,61,43
602,602,602,14-12-2025,11-08-2023,27-03-2024,88,47
971,971,971,15-12-2025,11-08-2023,27-03-2024,67,12
440,440,440,16-12-2025,11-08-2023,26-03-2024,24,44
661,661,661,17-12-2025,11-08-2023,26-03-2024,63,31
661,661,661,18-12-2025,11-08-2023,26-03-2024,44,90
479,479,479,19-12-2025,11-08-2023,25-03-2024,72,27
768,768,768,20-12-2025,11-08-2023,25-03-2024,94,18
846,846,846,21-12-2025,11-08-2023,24-03-2024,10,17
960,960,960,22-12-2025,11-08-2023,24-03-2024,43,24
960,960,960,23-12-2025,11-08-2023,24-03-2024,83,46
672,672,672,24-12-2025,11-08-2023,23-03-2024,42,16
32,32,32,25-12-2025,11-08-2023,22-03-2024,17,26
495,495,495,26-12-2025,11-08-2023,22-03-2024,49,8
542,542,542,27-12-2025,11-08-2023,22-03-2024,57,25
736,736,736,28-12-2025,11-08-2023,22-03-2024,95,39
805,805,805,29-12-2025,11-08-2023,22-03-2024,70,7
139,139,139,30-12-2025,11-08-2023,21-03-2024,88,48
660,660,660,31-12-2025,11-08-2023,21-03-2024,46,3
660,660,660,01-01-2026,11-08-2023,21-03-2024,90,70
306,306,306,02-01-2026,11-08-2023,20-03-2024,96,49
20,20,20,03-01-2026,11-08-2023,19-03-2024,89,32
198,198,198,04-01-2026,11-08-2023,19-03-2024,47,25
307,307,307,05-01-2026,11-08-2023,19-03-2024,33,6
356,356,356,06-01-2026,11-08-2023,19-03-2024,86,38
924,924,924,07-01-2026,11-08-2023,19-03-2024,70,34
984,984,984,08-01-2026,11-08-2023,19-03-2024,67,5
587,587,587,09-01-2026,11-08-2023,18-03-2024,45,9
37,37,37,10-01-2026,11-08-2023,16-03-2024,64,25
195,195,195,11-01-2026,11-08-2023,16-03-2024,53,4
320,320,320,12-01-2026,11-08-2023,16-03-2024,91,45
615,615,615,13-01-2026,11-08-2023,16-03-2024,85,21
733,733,733,14-01-2026,11-08-2023,16-03-2024,48,2
821,821,821,15-01-2026,11-08-2023,16-03-2024,47,7
835,835,835,16-01-2026,11-08-2023,16-03-2024,15,22
455,455,455,17-01-2026,11-08-2023,15-03-2024,53,5
616,616,616,18-01-2026,11-08-2023,15-03-2024,80,22
351,351,351,19-01-2026,11-08-2023,14-03-2024,53,36
409,409,409,20-01-2026,11-08-2023,14-03-2024,7,29
758,758,758,21-01-2026,11-08-2023,14-03-2024,27,43
757,757,757,22-01-2026,11-08-2023,13-03-2024,87,16
842,842,842,23-01-2026,11-08-2023,13-03-2024,47,5
49,49,49,24-01-2026,11-08-2023,11-03-2024,37,47
993,993,993,25-01-2026,11-08-2023,11-03-2024,29,26
8,8,8,26-01-2026,11-08-2023,10-03-2024,67,45
226,226,226,27-01-2026,11-08-2023,10-03-2024,63,13
200,200,200,28-01-2026,11-08-2023,09-03-2024,36,38
336,336,336,29-01-2026,11-08-2023,09-03-2024,27,29
420,420,420,30-01-2026,11-08-2023,09-03-2024,94,16
689,689,689,31-01-2026,11-08-2023,09-03-2024,46,1
841,841,841,01-02-2026,11-08-2023,09-03-2024,6,37
926,926,926,02-02-2026,11-08-2023,09-03-2024,50,19
517,517,517,03-02-2026,11-08-2023,08-03-2024,22,18
840,840,840,04-02-2026,11-08-2023,08-03-2024,28,38
164,164,164,05-02-2026,11-08-2023,07-03-2024,16,21
170,170,170,06-02-2026,11-08-2023,07-03-2024,85,46
352,352,352,07-02-2026,11-08-2023,07-03-2024,62,5
528,528,528,08-02-2026,11-08-2023,07-03-2024,29,36
537,537,537,09-02-2026,11-08-2023,07-03-2024,68,7
914,914,914,10-02-2026,11-08-2023,07-03-2024,64,33
214,214,214,11-02-2026,11-08-2023,06-03-2024,69,42
516,516,516,12-02-2026,11-08-2023,06-03-2024,51,5
794,794,794,13-02-2026,11-08-2023,06-03-2024,61,32
837,837,837,14-02-2026,11-08-2023,06-03-2024,34,47
454,454,454,15-02-2026,11-08-2023,05-03-2024,71,48
30,30,30,16-02-2026,11-08-2023,04-03-2024,71,18
521,521,521,17-02-2026,11-08-2023,04-03-2024,100,42
639,639,639,18-02-2026,11-08-2023,04-03-2024,10,36
964,964,964,19-02-2026,11-08-2023,04-03-2024,75,41
964,964,964,20-02-2026,11-08-2023,04-03-2024,55,41
259,259,259,21-02-2026,11-08-2023,03-03-2024,53,22
990,990,990,22-02-2026,11-08-2023,03-03-2024,64,44
612,612,612,23-02-2026,11-08-2023,02-03-2024,23,41
138,138,138,24-02-2026,11-08-2023,01-03-2024,63,38
397,397,397,25-02-2026,11-08-2023,01-03-2024,9,4
619,619,619,26-02-2026,11-08-2023,01-03-2024,20,9
801,801,801,27-02-2026,11-08-2023,01-03-2024,48,38
705,705,705,28-02-2026,11-08-2023,29-02-2024,28,39
912,912,912,01-03-2026,11-08-2023,29-02-2024,38,18
938,938,938,02-03-2026,11-08-2023,29-02-2024,15,23
942,942,942,03-03-2026,11-08-2023,29-02-2024,23,11
203,203,203,04-03-2026,11-08-2023,28-02-2024,48,14
212,212,212,05-03-2026,11-08-2023,27-02-2024,62,20
654,654,654,06-03-2026,11-08-2023,27-02-2024,35,33
814,814,814,07-03-2026,11-08-2023,27-02-2024,44,8
827,827,827,08-03-2026,11-08-2023,27-02-2024,70,2
150,150,150,09-03-2026,11-08-2023,26-02-2024,96,42
603,603,603,10-03-2026,11-08-2023,26-02-2024,4,14
915,915,915,11-03-2026,11-08-2023,26-02-2024,43,49
931,931,931,12-03-2026,11-08-2023,26-02-2024,93,20
196,196,196,13-03-2026,11-08-2023,25-02-2024,95,41
593,593,593,14-03-2026,11-08-2023,25-02-2024,73,19
391,391,391,15-03-2026,11-08-2023,24-02-2024,74,19
552,552,552,16-03-2026,11-08-2023,24-02-2024,56,28
573,573,573,17-03-2026,11-08-2023,24-02-2024,51,49
949,949,949,18-03-2026,11-08-2023,24-02-2024,21,43
645,645,645,19-03-2026,11-08-2023,23-02-2024,82,25
667,667,667,20-03-2026,11-08-2023,23-02-2024,29,9
667,667,667,21-03-2026,11-08-2023,23-02-2024,60,25
2,2,2,22-03-2026,11-08-2023,22-02-2024,70,33
176,176,176,23-03-2026,11-08-2023,22-02-2024,58,46
245,245,245,24-03-2026,11-08-2023,22-02-2024,29,50
309,309,309,25-03-2026,11-08-2023,22-02-2024,95,6
862,862,862,26-03-2026,11-08-2023,22-02-2024,3,34
752,752,752,27-03-2026,11-08-2023,21-02-2024,24,37
59,59,59,28-03-2026,11-08-2023,20-02-2024,53,31
686,686,686,29-03-2026,11-08-2023,20-02-2024,51,45
386,386,386,30-03-2026,11-08-2023,19-02-2024,90,37
451,451,451,31-03-2026,11-08-2023,19-02-2024,62,15
977,977,977,01-04-2026,11-08-2023,19-02-2024,57,10
34,34,34,02-04-2026,11-08-2023,18-02-2024,60,16
355,355,355,03-04-2026,11-08-2023,18-02-2024,83,22
879,879,879,04-04-2026,11-08-2023,18-02-2024,31,50
885,885,885,05-04-2026,11-08-2023,18-02-2024,5,5
263,263,263,06-04-2026,11-08-2023,17-02-2024,83,39
721,721,721,07-04-2026,11-08-2023,17-02-2024,36,45
791,791,791,08-04-2026,11-08-2023,17-02-2024,65,5
344,344,344,09-04-2026,11-08-2023,15-02-2024,47,12
843,843,843,10-04-2026,11-08-2023,15-02-2024,55,27
26,26,26,11-04-2026,11-08-2023,14-02-2024,5,7
43,43,43,12-04-2026,11-08-2023,14-02-2024,75,28
358,358,358,13-04-2026,11-08-2023,14-02-2024,88,29
481,481,481,14-04-2026,11-08-2023,14-02-2024,1,11
659,659,659,15-04-2026,11-08-2023,14-02-2024,34,12
867,867,867,16-04-2026,11-08-2023,14-02-2024,51,8
659,659,659,17-04-2026,11-08-2023,14-02-2024,22,45
284,284,284,18-04-2026,11-08-2023,13-02-2024,43,32
903,903,903,19-04-2026,11-08-2023,13-02-2024,44,32
52,52,52,20-04-2026,11-08-2023,12-02-2024,14,27
111,111,111,21-04-2026,11-08-2023,12-02-2024,16,42
283,283,283,22-04-2026,11-08-2023,12-02-2024,85,35
999,999,999,23-04-2026,11-08-2023,12-02-2024,2,30
605,605,605,24-04-2026,11-08-2023,11-02-2024,26,1
221,221,221,25-04-2026,11-08-2023,10-02-2024,20,49
707,707,707,26-04-2026,11-08-2023,10-02-2024,17,38
145,145,145,27-04-2026,11-08-2023,09-02-2024,47,23
329,329,329,28-04-2026,11-08-2023,09-02-2024,23,38
480,480,480,29-04-2026,11-08-2023,09-02-2024,53,48
483,483,483,30-04-2026,11-08-2023,09-02-2024,45,1
512,512,512,01-05-2026,11-08-2023,09-02-2024,74,43
676,676,676,02-05-2026,11-08-2023,09-02-2024,15,2
50,50,50,03-05-2026,11-08-2023,08-02-2024,71,42
574,574,574,04-05-2026,11-08-2023,08-02-2024,81,1
717,717,717,05-05-2026,11-08-2023,08-02-2024,53,16
898,898,898,06-05-2026,11-08-2023,08-02-2024,29,30
897,897,897,07-05-2026,11-08-2023,07-02-2024,37,32
233,233,233,08-05-2026,11-08-2023,05-02-2024,84,32
421,421,421,09-05-2026,11-08-2023,05-02-2024,2,40
554,554,554,10-05-2026,11-08-2023,05-02-2024,18,7
161,161,161,11-05-2026,11-08-2023,04-02-2024,35,26
328,328,328,12-05-2026,11-08-2023,04-02-2024,42,32
399,399,399,13-05-2026,11-08-2023,04-02-2024,63,34
178,178,178,14-05-2026,11-08-2023,03-02-2024,14,45
703,703,703,15-05-2026,11-08-2023,03-02-2024,77,2
830,830,830,16-05-2026,11-08-2023,03-02-2024,10,35
186,186,186,17-05-2026,11-08-2023,02-02-2024,28,21
392,392,392,18-05-2026,11-08-2023,02-02-2024,63,40
995,995,995,19-05-2026,11-08-2023,02-02-2024,10,49
384,384,384,20-05-2026,11-08-2023,31-01-2024,19,38
414,414,414,21-05-2026,11-08-2023,31-01-2024,7,41
109,109,109,22-05-2026,11-08-2023,30-01-2024,31,34
503,503,503,23-05-2026,11-08-2023,30-01-2024,22,17
767,767,767,24-05-2026,11-08-2023,29-01-2024,69,38
798,798,798,25-05-2026,11-08-2023,29-01-2024,61,13
3,3,3,26-05-2026,11-08-2023,28-01-2024,9,2
175,175,175,27-05-2026,11-08-2023,28-01-2024,2,20
152,152,152,28-05-2026,11-08-2023,27-01-2024,10,47
193,193,193,29-05-2026,11-08-2023,27-01-2024,27,47
445,445,445,30-05-2026,11-08-2023,27-01-2024,24,11
1,1,1,31-05-2026,11-08-2023,26-01-2024,48,34
312,312,312,01-06-2026,11-08-2023,26-01-2024,43,29
636,636,636,02-06-2026,11-08-2023,26-01-2024,83,41
64,64,64,03-06-2026,11-08-2023,25-01-2024,12,7
387,387,387,04-06-2026,11-08-2023,25-01-2024,40,50
550,550,550,05-06-2026,11-08-2023,25-01-2024,43,8
622,622,622,06-06-2026,11-08-2023,25-01-2024,78,44
117,117,117,07-06-2026,11-08-2023,24-01-2024,30,10
813,813,813,08-06-2026,11-08-2023,24-01-2024,66,7
33,33,33,09-06-2026,11-08-2023,23-01-2024,96,33
181,181,181,10-06-2026,11-08-2023,23-01-2024,96,3
601,601,601,11-06-2026,11-08-2023,23-01-2024,34,45
726,726,726,12-06-2026,11-08-2023,23-01-2024,98,38
668,668,668,13-06-2026,11-08-2023,22-01-2024,89,39
668,668,668,14-06-2026,11-08-2023,22-01-2024,40,100
188,188,188,15-06-2026,11-08-2023,21-01-2024,42,2
340,340,340,16-06-2026,11-08-2023,21-01-2024,2,24
514,514,514,17-06-2026,11-08-2023,21-01-2024,63,37
635,635,635,18-06-2026,11-08-2023,21-01-2024,67,41
907,907,907,19-06-2026,11-08-2023,21-01-2024,69,27
644,644,644,20-06-2026,11-08-2023,20-01-2024,93,19
232,232,232,21-06-2026,11-08-2023,19-01-2024,15,2
264,264,264,22-06-2026,11-08-2023,19-01-2024,100,9
748,748,748,23-06-2026,11-08-2023,19-01-2024,50,18
782,782,782,24-06-2026,11-08-2023,19-01-2024,60,46
548,548,548,25-06-2026,11-08-2023,18-01-2024,53,11
836,836,836,26-06-2026,11-08-2023,18-01-2024,4,2
873,873,873,27-06-2026,11-08-2023,18-01-2024,37,24
250,250,250,28-06-2026,11-08-2023,17-01-2024,79,31
290,290,290,29-06-2026,11-08-2023,17-01-2024,99,9
781,781,781,30-06-2026,11-08-2023,17-01-2024,61,26
35,35,35,01-07-2026,11-08-2023,16-01-2024,94,50
370,370,370,02-07-2026,11-08-2023,16-01-2024,99,35
597,597,597,03-07-2026,11-08-2023,16-01-2024,66,19
626,626,626,04-07-2026,11-08-2023,16-01-2024,45,36
87,87,87,05-07-2026,11-08-2023,15-01-2024,16,27
252,252,252,06-07-2026,11-08-2023,14-01-2024,42,36
504,504,504,07-07-2026,11-08-2023,14-01-2024,74,34
630,630,630,08-07-2026,11-08-2023,14-01-2024,74,43
90,90,90,09-07-2026,11-08-2023,13-01-2024,63,45
558,558,558,10-07-2026,11-08-2023,13-01-2024,19,43
282,282,282,11-07-2026,11-08-2023,11-01-2024,47,5
882,882,882,12-07-2026,11-08-2023,11-01-2024,45,16
498,498,498,13-07-2026,11-08-2023,10-01-2024,79,27
620,620,620,14-07-2026,11-08-2023,10-01-2024,3,38
623,623,623,15-07-2026,11-08-2023,10-01-2024,94,24
669,669,669,16-07-2026,11-08-2023,10-01-2024,87,29
41,41,41,17-07-2026,11-08-2023,09-01-2024,38,37
536,536,536,18-07-2026,11-08-2023,09-01-2024,64,45
549,549,549,19-07-2026,11-08-2023,09-01-2024,47,16
570,570,570,20-07-2026,11-08-2023,09-01-2024,2,25
6,6,6,21-07-2026,11-08-2023,08-01-2024,81,11
576,576,576,22-07-2026,11-08-2023,08-01-2024,34,19
449,449,449,23-07-2026,11-08-2023,07-01-2024,21,15
538,538,538,24-07-2026,11-08-2023,07-01-2024,83,20
732,732,732,25-07-2026,11-08-2023,07-01-2024,100,4
975,975,975,26-07-2026,11-08-2023,07-01-2024,32,47
5,5,5,27-07-2026,11-08-2023,06-01-2024,82,17
476,476,476,28-07-2026,11-08-2023,06-01-2024,86,45
580,580,580,29-07-2026,11-08-2023,06-01-2024,82,3
753,753,753,30-07-2026,11-08-2023,06-01-2024,32,49
92,92,92,31-07-2026,11-08-2023,05-01-2024,58,36
246,246,246,01-08-2026,11-08-2023,05-01-2024,72,1
584,584,584,02-08-2026,11-08-2023,05-01-2024,54,28
902,902,902,03-08-2026,11-08-2023,05-01-2024,62,23
189,189,189,04-08-2026,11-08-2023,04-01-2024,8,36
262,262,262,05-08-2026,11-08-2023,04-01-2024,49,39
376,376,376,06-08-2026,11-08-2023,04-01-2024,28,33
961,961,961,07-08-2026,11-08-2023,04-01-2024,47,33
961,961,961,08-08-2026,11-08-2023,04-01-2024,50,99
278,278,278,09-08-2026,11-08-2023,03-01-2024,51,37
335,335,335,10-08-2026,11-08-2023,03-01-2024,70,21
628,628,628,11-08-2026,11-08-2023,03-01-2024,44,25
141,141,141,12-08-2026,11-08-2023,02-01-2024,40,6
251,251,251,13-08-2026,11-08-2023,02-01-2024,26,20
735,735,735,14-08-2026,11-08-2023,02-01-2024,85,21
893,893,893,15-08-2026,11-08-2023,02-01-2024,4,40
969,969,969,16-08-2026,11-08-2023,02-01-2024,40,42
988,988,988,17-08-2026,11-08-2023,02-01-2024,34,27
61,61,61,18-08-2026,11-08-2023,01-01-2024,58,47
411,411,411,19-08-2026,11-08-2023,01-01-2024,72,14
425,425,425,20-08-2026,11-08-2023,01-01-2024,73,43
966,966,966,21-08-2026,11-08-2023,01-01-2024,57,27
966,966,966,22-08-2026,11-08-2023,01-01-2024,33,77
10,10,10,23-08-2026,11-08-2023,31-12-2023,93,13
174,174,174,24-08-2026,11-08-2023,31-12-2023,60,40
326,326,326,25-08-2026,11-08-2023,31-12-2023,95,45
998,998,998,26-08-2026,11-08-2023,30-12-2023,93,4
237,237,237,27-08-2026,11-08-2023,29-12-2023,83,14
242,242,242,28-08-2026,11-08-2023,29-12-2023,17,3
958,958,958,29-08-2026,11-08-2023,29-12-2023,37,17
267,267,267,30-08-2026,11-08-2023,28-12-2023,11,46
540,540,540,31-08-2026,11-08-2023,28-12-2023,96,30
541,541,541,01-09-2026,11-08-2023,28-12-2023,31,3
662,662,662,02-09-2026,11-08-2023,28-12-2023,68,49
662,662,662,03-09-2026,11-08-2023,28-12-2023,50,77
359,359,359,04-09-2026,11-08-2023,27-12-2023,16,37
70,70,70,05-09-2026,11-08-2023,26-12-2023,84,16
116,116,116,06-09-2026,11-08-2023,26-12-2023,97,15
153,153,153,07-09-2026,11-08-2023,26-12-2023,75,29
77,77,77,08-09-2026,11-08-2023,25-12-2023,47,46
923,923,923,09-09-2026,11-08-2023,25-12-2023,10,15
173,173,173,10-09-2026,11-08-2023,22-12-2023,90,28
783,783,783,11-09-2026,11-08-2023,22-12-2023,78,36
956,956,956,12-09-2026,11-08-2023,22-12-2023,22,37
691,691,691,13-09-2026,11-08-2023,21-12-2023,65,7
194,194,194,14-09-2026,11-08-2023,20-12-2023,45,43
225,225,225,15-09-2026,11-08-2023,20-12-2023,32,3
416,416,416,16-09-2026,11-08-2023,20-12-2023,78,24
230,230,230,17-09-2026,11-08-2023,19-12-2023,4,10
888,888,888,18-09-2026,11-08-2023,19-12-2023,6,8
38,38,38,19-09-2026,11-08-2023,16-12-2023,43,23
507,507,507,20-09-2026,11-08-2023,16-12-2023,23,47
532,532,532,21-09-2026,11-08-2023,16-12-2023,95,8
611,611,611,22-09-2026,11-08-2023,16-12-2023,80,27
288,288,288,23-09-2026,11-08-2023,15-12-2023,71,48
855,855,855,24-09-2026,11-08-2023,15-12-2023,23,4
860,860,860,25-09-2026,11-08-2023,15-12-2023,85,29
475,475,475,26-09-2026,11-08-2023,14-12-2023,31,22
698,698,698,27-09-2026,11-08-2023,14-12-2023,9,50
790,790,790,28-09-2026,11-08-2023,14-12-2023,7,47
802,802,802,29-09-2026,11-08-2023,14-12-2023,77,7
950,950,950,30-09-2026,11-08-2023,14-12-2023,16,3
996,996,996,01-10-2026,11-08-2023,14-12-2023,80,35
402,402,402,02-10-2026,11-08-2023,13-12-2023,36,42
599,599,599,03-10-2026,11-08-2023,13-12-2023,24,29
727,727,727,04-10-2026,11-08-2023,13-12-2023,89,5
439,439,439,05-10-2026,11-08-2023,12-12-2023,15,8
464,464,464,06-10-2026,11-08-2023,11-12-2023,57,49
609,609,609,07-10-2026,11-08-2023,11-12-2023,24,14
890,890,890,08-10-2026,11-08-2023,11-12-2023,77,16
216,216,216,09-10-2026,11-08-2023,10-12-2023,37,39
643,643,643,10-10-2026,11-08-2023,10-12-2023,94,5
711,711,711,11-10-2026,11-08-2023,10-12-2023,84,36
712,712,712,12-10-2026,11-08-2023,10-12-2023,87,25
899,899,899,13-10-2026,11-08-2023,10-12-2023,33,21
614,614,614,14-10-2026,11-08-2023,09-12-2023,28,15
156,156,156,15-10-2026,11-08-2023,08-12-2023,65,2
166,166,166,16-10-2026,11-08-2023,08-12-2023,4,13
973,973,973,17-10-2026,11-08-2023,08-12-2023,31,18
925,925,925,18-10-2026,11-08-2023,06-12-2023,27,34
526,526,526,19-10-2026,11-08-2023,05-12-2023,46,23
666,666,666,20-10-2026,11-08-2023,05-12-2023,98,48
666,666,666,21-10-2026,11-08-2023,05-12-2023,100,33
357,357,357,22-10-2026,11-08-2023,03-12-2023,44,40
364,364,364,23-10-2026,11-08-2023,03-12-2023,18,11
377,377,377,24-10-2026,11-08-2023,03-12-2023,27,13
708,708,708,25-10-2026,11-08-2023,03-12-2023,55,18
731,731,731,26-10-2026,11-08-2023,03-12-2023,20,28
776,776,776,27-10-2026,11-08-2023,03-12-2023,40,10
780,780,780,28-10-2026,11-08-2023,03-12-2023,41,29
529,529,529,29-10-2026,11-08-2023,02-12-2023,36,13
804,804,804,30-10-2026,11-08-2023,02-12-2023,45,46
371,371,371,31-10-2026,11-08-2023,01-12-2023,70,44
547,547,547,01-11-2026,11-08-2023,01-12-2023,85,5
829,829,829,02-11-2026,11-08-2023,01-12-2023,66,27
895,895,895,03-11-2026,11-08-2023,01-12-2023,94,19
7,7,7,04-11-2026,11-08-2023,30-11-2023,53,29
302,302,302,05-11-2026,11-08-2023,30-11-2023,36,30
745,745,745,06-11-2026,11-08-2023,30-11-2023,4,10
442,442,442,07-11-2026,11-08-2023,29-11-2023,38,14
297,297,297,08-11-2026,11-08-2023,28-11-2023,44,25
474,474,474,09-11-2026,11-08-2023,28-11-2023,94,22
140,140,140,10-11-2026,11-08-2023,27-11-2023,13,35
581,581,581,11-11-2026,11-08-2023,27-11-2023,44,39
766,766,766,12-11-2026,11-08-2023,26-11-2023,89,44
113,113,113,13-11-2026,11-08-2023,25-11-2023,21,46
248,248,248,14-11-2026,11-08-2023,25-11-2023,84,21
457,457,457,15-11-2026,11-08-2023,25-11-2023,93,15
563,563,563,16-11-2026,11-08-2023,24-11-2023,64,39
714,714,714,17-11-2026,11-08-2023,24-11-2023,11,20
720,720,720,18-11-2026,11-08-2023,23-11-2023,29,37
724,724,724,19-11-2026,11-08-2023,23-11-2023,53,18
947,947,947,20-11-2026,11-08-2023,23-11-2023,93,43
627,627,627,21-11-2026,11-08-2023,22-11-2023,46,40
657,657,657,22-11-2026,11-08-2023,22-11-2023,51,35
704,704,704,23-11-2026,11-08-2023,22-11-2023,29,33
663,663,663,24-11-2026,11-08-2023,21-11-2023,27,32
663,663,663,25-11-2026,11-08-2023,21-11-2023,70,34
311,311,311,26-11-2026,11-08-2023,20-11-2023,71,32
470,470,470,27-11-2026,11-08-2023,20-11-2023,79,50
202,202,202,28-11-2026,11-08-2023,19-11-2023,13,41
567,567,567,29-11-2026,11-08-2023,19-11-2023,36,31
889,889,889,30-11-2026,11-08-2023,19-11-2023,42,10
955,955,955,01-12-2026,11-08-2023,19-11-2023,69,6
22,22,22,02-12-2026,11-08-2023,18-11-2023,49,7
433,433,433,03-12-2026,11-08-2023,18-11-2023,1,8
471,471,471,04-12-2026,11-08-2023,18-11-2023,77,23
917,917,917,05-12-2026,11-08-2023,18-11-2023,52,23
978,978,978,06-12-2026,11-08-2023,18-11-2023,36,26
450,450,450,07-12-2026,11-08-2023,17-11-2023,23,46
884,884,884,08-12-2026,11-08-2023,17-11-2023,9,36
131,131,131,09-12-2026,11-08-2023,16-11-2023,18,50
374,374,374,10-12-2026,11-08-2023,16-11-2023,12,8
900,900,900,11-12-2026,11-08-2023,16-11-2023,4,6
972,972,972,12-12-2026,11-08-2023,16-11-2023,89,14
1000,1000,1000,13-12-2026,11-08-2023,16-11-2023,19,49
295,295,295,14-12-2026,11-08-2023,15-11-2023,13,45
591,591,591,15-12-2026,11-08-2023,15-11-2023,26,17
803,803,803,16-12-2026,11-08-2023,15-11-2023,86,5
85,85,85,17-12-2026,11-08-2023,14-11-2023,33,40
928,928,928,18-12-2026,11-08-2023,14-11-2023,73,3
728,728,728,19-12-2026,11-08-2023,12-11-2023,60,4
101,101,101,20-12-2026,11-08-2023,11-11-2023,82,41
143,143,143,21-12-2026,11-08-2023,11-11-2023,99,46
12,12,12,22-12-2026,11-08-2023,10-11-2023,37,18
110,110,110,23-12-2026,11-08-2023,10-11-2023,81,40
168,168,168,24-12-2026,11-08-2023,10-11-2023,47,25
393,393,393,25-12-2026,11-08-2023,10-11-2023,49,15
865,865,865,26-12-2026,11-08-2023,10-11-2023,77,37
135,135,135,27-12-2026,11-08-2023,09-11-2023,44,49
458,458,458,28-12-2026,11-08-2023,09-11-2023,76,7
699,699,699,29-12-2026,11-08-2023,09-11-2023,28,22
313,313,313,30-12-2026,11-08-2023,08-11-2023,57,2
330,330,330,31-12-2026,11-08-2023,08-11-2023,36,37
341,341,341,01-01-2027,11-08-2023,08-11-2023,66,28
697,697,697,02-01-2027,11-08-2023,08-11-2023,27,3
985,985,985,03-01-2027,11-08-2023,08-11-2023,79,43
21,21,21,04-01-2027,11-08-2023,06-11-2023,25,22
97,97,97,05-01-2027,11-08-2023,06-11-2023,34,18
431,431,431,06-01-2027,11-08-2023,06-11-2023,46,17
18,18,18,07-01-2027,11-08-2023,05-11-2023,91,30
296,296,296,08-01-2027,11-08-2023,05-11-2023,25,36
318,318,318,09-01-2027,11-08-2023,04-11-2023,72,9
465,465,465,10-01-2027,11-08-2023,04-11-2023,3,40
494,494,494,11-01-2027,11-08-2023,03-11-2023,49,34
997,997,997,12-01-2027,11-08-2023,03-11-2023,30,16
388,388,388,13-01-2027,11-08-2023,02-11-2023,24,12
773,773,773,14-01-2027,11-08-2023,02-11-2023,41,17
506,506,506,15-01-2027,11-08-2023,01-11-2023,24,38
417,417,417,16-01-2027,11-08-2023,31-10-2023,75,20
19,19,19,17-01-2027,11-08-2023,30-10-2023,18,6
169,169,169,18-01-2027,11-08-2023,30-10-2023,37,26
784,784,784,19-01-2027,11-08-2023,30-10-2023,35,5
67,67,67,20-01-2027,11-08-2023,29-10-2023,96,42
408,408,408,21-01-2027,11-08-2023,29-10-2023,74,31
477,477,477,22-01-2027,11-08-2023,29-10-2023,29,28
51,51,51,23-01-2027,11-08-2023,27-10-2023,66,23
24,24,24,24-01-2027,11-08-2023,26-10-2023,68,18
107,107,107,25-01-2027,11-08-2023,26-10-2023,99,41
447,447,447,26-01-2027,11-08-2023,26-10-2023,43,16
403,403,403,27-01-2027,11-08-2023,25-10-2023,89,2
473,473,473,28-01-2027,11-08-2023,25-10-2023,16,37
718,718,718,29-01-2027,11-08-2023,25-10-2023,23,13
854,854,854,30-01-2027,11-08-2023,25-10-2023,14,3
361,361,361,31-01-2027,11-08-2023,24-10-2023,96,3
625,625,625,01-02-2027,11-08-2023,24-10-2023,88,30
747,747,747,02-02-2027,11-08-2023,24-10-2023,63,32
808,808,808,03-02-2027,11-08-2023,24-10-2023,92,6
858,858,858,04-02-2027,11-08-2023,24-10-2023,67,1
75,75,75,05-02-2027,11-08-2023,23-10-2023,7,22
217,217,217,06-02-2027,11-08-2023,23-10-2023,78,10
363,363,363,07-02-2027,11-08-2023,23-10-2023,12,37
680,680,680,08-02-2027,11-08-2023,23-10-2023,37,44
582,582,582,09-02-2027,11-08-2023,22-10-2023,18,50
922,922,922,10-02-2027,11-08-2023,22-10-2023,86,17
16,16,16,11-02-2027,11-08-2023,21-10-2023,81,31
266,266,266,12-02-2027,11-08-2023,21-10-2023,73,30
559,559,559,13-02-2027,11-08-2023,21-10-2023,48,28
859,859,859,14-02-2027,11-08-2023,21-10-2023,77,49
249,249,249,15-02-2027,11-08-2023,20-10-2023,48,3
880,880,880,16-02-2027,11-08-2023,20-10-2023,19,12
157,157,157,17-02-2027,11-08-2023,19-10-2023,84,41
239,239,239,18-02-2027,11-08-2023,18-10-2023,33,43
845,845,845,19-02-2027,11-08-2023,18-10-2023,30,27
434,434,434,20-02-2027,11-08-2023,17-10-2023,72,28
763,763,763,21-02-2027,11-08-2023,16-10-2023,11,35
696,696,696,22-02-2027,11-08-2023,15-10-2023,34,19
932,932,932,23-02-2027,11-08-2023,15-10-2023,12,19
94,94,94,24-02-2027,11-08-2023,14-10-2023,20,14
761,761,761,25-02-2027,11-08-2023,14-10-2023,53,5
147,147,147,26-02-2027,11-08-2023,13-10-2023,17,35
648,648,648,27-02-2027,11-08-2023,13-10-2023,63,5
868,868,868,28-02-2027,11-08-2023,13-10-2023,14,47
825,825,825,01-03-2027,11-08-2023,12-10-2023,20,33
909,909,909,02-03-2027,11-08-2023,12-10-2023,37,35
983,983,983,03-03-2027,11-08-2023,12-10-2023,27,29
207,207,207,04-03-2027,11-08-2023,11-10-2023,45,32
369,369,369,05-03-2027,11-08-2023,10-10-2023,10,21
534,534,534,06-03-2027,11-08-2023,10-10-2023,68,16
48,48,48,07-03-2027,11-08-2023,09-10-2023,48,13
294,294,294,08-03-2027,11-08-2023,09-10-2023,20,41
826,826,826,09-03-2027,11-08-2023,09-10-2023,14,50
572,572,572,10-03-2027,11-08-2023,08-10-2023,77,27
751,751,751,11-03-2027,11-08-2023,08-10-2023,44,38
980,980,980,12-03-2027,11-08-2023,08-10-2023,18,25
256,256,256,13-03-2027,11-08-2023,07-10-2023,21,48
394,394,394,14-03-2027,11-08-2023,07-10-2023,14,48
617,617,617,15-03-2027,11-08-2023,07-10-2023,84,38
715,715,715,16-03-2027,11-08-2023,07-10-2023,36,12
197,197,197,17-03-2027,11-08-2023,06-10-2023,98,38
287,287,287,18-03-2027,11-08-2023,06-10-2023,64,18
634,634,634,19-03-2027,11-08-2023,06-10-2023,62,25
642,642,642,20-03-2027,11-08-2023,06-10-2023,86,11
775,775,775,21-03-2027,11-08-2023,06-10-2023,10,28
331,331,331,22-03-2027,11-08-2023,05-10-2023,47,40
349,349,349,23-03-2027,11-08-2023,04-10-2023,95,10
423,423,423,24-03-2027,11-08-2023,04-10-2023,59,36
62,62,62,25-03-2027,11-08-2023,03-10-2023,25,5
190,190,190,26-03-2027,11-08-2023,03-10-2023,40,40
350,350,350,27-03-2027,11-08-2023,02-10-2023,19,1
381,381,381,28-03-2027,11-08-2023,02-10-2023,97,50
989,989,989,29-03-2027,11-08-2023,02-10-2023,63,32
244,244,244,30-03-2027,11-08-2023,30-09-2023,74,17
405,405,405,31-03-2027,11-08-2023,30-09-2023,25,21
869,869,869,01-04-2027,11-08-2023,30-09-2023,50,9
436,436,436,02-04-2027,11-08-2023,29-09-2023,26,47
737,737,737,03-04-2027,11-08-2023,29-09-2023,9,33
981,981,981,04-04-2027,11-08-2023,29-09-2023,78,42
159,159,159,05-04-2027,11-08-2023,28-09-2023,81,43
218,218,218,06-04-2027,11-08-2023,28-09-2023,11,32
785,785,785,07-04-2027,11-08-2023,28-09-2023,81,13
809,809,809,08-04-2027,11-08-2023,28-09-2023,82,13
817,817,817,09-04-2027,11-08-2023,27-09-2023,30,12
343,343,343,10-04-2027,11-08-2023,26-09-2023,16,17
380,380,380,11-04-2027,11-08-2023,26-09-2023,7,19
556,556,556,12-04-2027,11-08-2023,26-09-2023,55,5
65,65,65,13-04-2027,11-08-2023,25-09-2023,8,13
228,228,228,14-04-2027,11-08-2023,25-09-2023,33,48
390,390,390,15-04-2027,11-08-2023,25-09-2023,14,14
878,878,878,16-04-2027,11-08-2023,25-09-2023,84,4
208,208,208,17-04-2027,11-08-2023,24-09-2023,38,7
527,527,527,18-04-2027,11-08-2023,24-09-2023,80,50
820,820,820,19-04-2027,11-08-2023,24-09-2023,31,36
89,89,89,20-04-2027,11-08-2023,23-09-2023,36,44
215,215,215,21-04-2027,11-08-2023,23-09-2023,52,34
400,400,400,22-04-2027,11-08-2023,23-09-2023,20,17
788,788,788,23-04-2027,11-08-2023,23-09-2023,1,29
71,71,71,24-04-2027,11-08-2023,22-09-2023,56,40
682,682,682,25-04-2027,11-08-2023,22-09-2023,67,23
255,255,255,26-04-2027,11-08-2023,21-09-2023,9,13
395,395,395,27-04-2027,11-08-2023,21-09-2023,94,4
415,415,415,28-04-2027,11-08-2023,21-09-2023,61,35
463,463,463,29-04-2027,11-08-2023,21-09-2023,40,24
692,692,692,30-04-2027,11-08-2023,21-09-2023,100,23
816,816,816,01-05-2027,11-08-2023,21-09-2023,81,44
14,14,14,02-05-2027,11-08-2023,20-09-2023,89,1
945,945,945,03-05-2027,11-08-2023,20-09-2023,44,21
850,850,850,04-05-2027,11-08-2023,19-09-2023,97,14
149,149,149,05-05-2027,11-08-2023,18-09-2023,30,9
362,362,362,06-05-2027,11-08-2023,18-09-2023,26,22
401,401,401,07-05-2027,11-08-2023,18-09-2023,32,50
535,535,535,08-05-2027,11-08-2023,18-09-2023,81,12
57,57,57,09-05-2027,11-08-2023,16-09-2023,26,15
456,456,456,10-05-2027,11-08-2023,16-09-2023,54,6
129,129,129,11-05-2027,11-08-2023,15-09-2023,50,13
292,292,292,12-05-2027,11-08-2023,15-09-2023,82,29
575,575,575,13-05-2027,11-08-2023,15-09-2023,28,49
610,610,610,14-05-2027,11-08-2023,15-09-2023,97,2
796,796,796,15-05-2027,11-08-2023,15-09-2023,31,20
187,187,187,16-05-2027,11-08-2023,14-09-2023,98,38
322,322,322,17-05-2027,11-08-2023,14-09-2023,44,30
398,398,398,18-05-2027,11-08-2023,14-09-2023,63,50
118,118,118,19-05-2027,11-08-2023,13-09-2023,72,31
269,269,269,20-05-2027,11-08-2023,13-09-2023,47,12
965,965,965,21-05-2027,11-08-2023,13-09-2023,8,30
965,965,965,22-05-2027,11-08-2023,13-09-2023,100,19
125,125,125,23-05-2027,11-08-2023,12-09-2023,59,12
253,253,253,24-05-2027,11-08-2023,12-09-2023,64,47
310,310,310,25-05-2027,11-08-2023,12-09-2023,2,12
951,951,951,26-05-2027,11-08-2023,12-09-2023,16,20
,,,,,,,
,,,,,,,
,,,,,,,
,,,,,,,
,,,,,,,
,,,,,,,
,,,,,,,
